<?xml version="1.0" encoding="UTF-8"?>
<metadata modelVersion="1.1.0">
  <groupId>com.yundong.apaas</groupId>
  <artifactId>gateway-facade</artifactId>
  <versioning>
    <lastUpdated>20230202062110</lastUpdated>
    <snapshot>
      <timestamp>20230202.062110</timestamp>
      <buildNumber>3</buildNumber>
    </snapshot>
    <snapshotVersions>
      <snapshotVersion>
        <extension>jar</extension>
        <value>1.0.4-20230202.062110-3</value>
        <updated>20230202062110</updated>
      </snapshotVersion>
      <snapshotVersion>
        <extension>pom</extension>
        <value>1.0.4-20230202.062110-3</value>
        <updated>20230202062110</updated>
      </snapshotVersion>
      <snapshotVersion>
        <classifier>sources</classifier>
        <extension>jar</extension>
        <value>1.0.4-20230202.062110-3</value>
        <updated>20230202062110</updated>
      </snapshotVersion>
    </snapshotVersions>
  </versioning>
  <version>1.0.4-SNAPSHOT</version>
</metadata>
