<?xml version="1.0" encoding="UTF-8"?>
<metadata modelVersion="1.1.0">
  <groupId>com.yundong</groupId>
  <artifactId>yundong-tools</artifactId>
  <version>1.0.4-SNAPSHOT</version>
  <versioning>
    <snapshot>
      <timestamp>20220711.014518</timestamp>
      <buildNumber>5</buildNumber>
    </snapshot>
    <lastUpdated>20220711014518</lastUpdated>
    <snapshotVersions>
      <snapshotVersion>
        <extension>jar</extension>
        <value>1.0.4-20220711.014518-5</value>
        <updated>20220711014518</updated>
      </snapshotVersion>
      <snapshotVersion>
        <extension>pom</extension>
        <value>1.0.4-20220711.014518-5</value>
        <updated>20220711014518</updated>
      </snapshotVersion>
      <snapshotVersion>
        <classifier>sources</classifier>
        <extension>jar</extension>
        <value>1.0.4-20220711.014518-5</value>
        <updated>20220711014518</updated>
      </snapshotVersion>
    </snapshotVersions>
  </versioning>
</metadata>
