<?xml version="1.0" encoding="UTF-8"?>
<metadata modelVersion="1.1.0">
  <groupId>com.yundong</groupId>
  <artifactId>gateway-register-spring-boot-starter</artifactId>
  <versioning>
    <lastUpdated>20230606060347</lastUpdated>
    <snapshot>
      <timestamp>20230606.060347</timestamp>
      <buildNumber>4</buildNumber>
    </snapshot>
    <snapshotVersions>
      <snapshotVersion>
        <extension>pom</extension>
        <value>1.0.5-20230606.060347-4</value>
        <updated>20230606060347</updated>
      </snapshotVersion>
      <snapshotVersion>
        <extension>jar</extension>
        <value>1.0.5-20230606.060347-4</value>
        <updated>20230606060347</updated>
      </snapshotVersion>
      <snapshotVersion>
        <classifier>sources</classifier>
        <extension>jar</extension>
        <value>1.0.5-20230606.060347-4</value>
        <updated>20230606060347</updated>
      </snapshotVersion>
    </snapshotVersions>
  </versioning>
  <version>1.0.5-SNAPSHOT</version>
</metadata>
